-- 初期データ投入（Neon SQL Editor 用）
-- テーブル作成後、空の DB に対して 1 回実行してください

-- 店舗
INSERT INTO stores (id, name) VALUES
  ('11111111-1111-1111-1111-111111111101', 'WSO'),
  ('11111111-1111-1111-1111-111111111102', 'ももち浜'),
  ('11111111-1111-1111-1111-111111111103', 'ピウ'),
  ('11111111-1111-1111-1111-111111111104', '西新'),
  ('11111111-1111-1111-1111-111111111105', '春日'),
  ('11111111-1111-1111-1111-111111111106', '出島'),
  ('11111111-1111-1111-1111-111111111107', '13階宴会'),
  ('11111111-1111-1111-1111-111111111108', 'モーニング');

-- ユーザー（後でメールアドレスを実際のものに変更してください）
INSERT INTO app_users (id, email, display_name, global_role) VALUES
  ('22222222-2222-2222-2222-222222222201', 'nishida@example.com', '西田', 'admin'),
  ('22222222-2222-2222-2222-222222222202', 'wso@example.com', 'WSO 店長', 'user'),
  ('22222222-2222-2222-2222-222222222203', 'momochi@example.com', 'ももち浜 店長', 'user'),
  ('22222222-2222-2222-2222-222222222204', 'piu@example.com', 'ピウ 店長', 'user'),
  ('22222222-2222-2222-2222-222222222205', 'nishijin@example.com', '西新 店長', 'user'),
  ('22222222-2222-2222-2222-222222222206', 'kasuga@example.com', '春日 店長', 'user'),
  ('22222222-2222-2222-2222-222222222207', 'dejima@example.com', '出島 店長', 'user'),
  ('22222222-2222-2222-2222-222222222208', 'morning@example.com', 'モーニング 店長', 'user');

-- 店舗所属（admin 以外）
INSERT INTO store_memberships (user_id, store_id, store_role) VALUES
  ('22222222-2222-2222-2222-222222222202', '11111111-1111-1111-1111-111111111101', 'manager'),
  ('22222222-2222-2222-2222-222222222203', '11111111-1111-1111-1111-111111111102', 'manager'),
  ('22222222-2222-2222-2222-222222222204', '11111111-1111-1111-1111-111111111103', 'manager'),
  ('22222222-2222-2222-2222-222222222205', '11111111-1111-1111-1111-111111111104', 'manager'),
  ('22222222-2222-2222-2222-222222222206', '11111111-1111-1111-1111-111111111105', 'manager'),
  ('22222222-2222-2222-2222-222222222207', '11111111-1111-1111-1111-111111111106', 'manager'),
  ('22222222-2222-2222-2222-222222222208', '11111111-1111-1111-1111-111111111108', 'manager');

-- ももち浜：担当者
INSERT INTO store_assignees (id, store_id, name, created_by) VALUES
  ('33333333-3333-3333-3333-333333333301', '11111111-1111-1111-1111-111111111102', '田中', '22222222-2222-2222-2222-222222222203'),
  ('33333333-3333-3333-3333-333333333302', '11111111-1111-1111-1111-111111111102', 'アルバイトA', '22222222-2222-2222-2222-222222222203');

-- ももち浜：サンプル課題チェーン
INSERT INTO issues (id, store_id, title, description, current_value, target_value, impact, priority, status, created_by) VALUES
  ('44444444-4444-4444-4444-444444444401', '11111111-1111-1111-1111-111111111102', 'ランチピークの提供時間が遅い', '12時〜13時のランチ提供に平均5分の遅れが発生している', '平均18分', '12分以内', 'クレーム増加、回転率低下', 'high', 'in_progress', '22222222-2222-2222-2222-222222222203');

INSERT INTO causes (id, issue_id, store_id, category, title, description, evidence, check_method, confidence, created_by) VALUES
  ('55555555-5555-5555-5555-555555555501', '44444444-4444-4444-4444-444444444401', '11111111-1111-1111-1111-111111111102', 'people', 'ピーク時の人手不足', 'ランチピーク時にホール・キッチンともに人手が足りない', '12時台のオーダー待ち時間ログ', 'ピーク時の稼働人数と提供時間を1週間計測', 'high', '22222222-2222-2222-2222-222222222203');

INSERT INTO measures (id, cause_id, store_id, title, description, purpose, expected_effect, difficulty, cost, side_effect, status, created_by) VALUES
  ('66666666-6666-6666-6666-666666666601', '55555555-5555-5555-5555-555555555501', '11111111-1111-1111-1111-111111111102', 'ランチピークのシフト見直し', '11:30〜13:30のシフトを1名増員', 'ピーク時の提供キャパを確保', 'high', 'medium', '人件費 月3万円程度', '他時間帯の人員が薄くなる可能性', 'adopted', '22222222-2222-2222-2222-222222222203');

INSERT INTO tasks (measure_id, store_id, title, description, assignee_id, due_date, status, completion_condition, created_by) VALUES
  ('66666666-6666-6666-6666-666666666601', '11111111-1111-1111-1111-111111111102', '来月シフト表の作成', 'ランチピーク増員を反映したシフト表を作成', '33333333-3333-3333-3333-333333333301', NOW() + INTERVAL '7 days', 'doing', '店長承認済みシフト表が共有フォルダにアップロードされている', '22222222-2222-2222-2222-222222222203');
